<?xml version="1.0" encoding="utf-8" ?><dwsync><file name="1.png" server="ftp.quofly.com" local="3524898812" remote="3614418720" Dst="-1" /><file name="2.png" server="ftp.quofly.com" local="3524898812" remote="3614418720" Dst="-1" /><file name="3.png" server="ftp.quofly.com" local="3524898812" remote="3614418720" Dst="-1" /><file name="a.jpg" server="ftp.quofly.com" local="3524898812" remote="3614418720" Dst="-1" /><file name="a2x.jpg" server="ftp.quofly.com" local="3524898812" remote="3614418720" Dst="-1" /><file name="avatar.jpg" server="ftp.quofly.com" local="3524898812" remote="3614418720" Dst="-1" /><file name="avatar2x.jpg" server="ftp.quofly.com" local="3524898812" remote="3614418720" Dst="-1" /><file name="avatar_small.jpg" server="ftp.quofly.com" local="3524898812" remote="3614418720" Dst="-1" /><file name="avatar_small2x.jpg" server="ftp.quofly.com" local="3524898812" remote="3614418720" Dst="-1" /><file name="b.jpg" server="ftp.quofly.com" local="3524898812" remote="3614418720" Dst="-1" /><file name="b2x.jpg" server="ftp.quofly.com" local="3524898812" remote="3614418720" Dst="-1" /><file name="ba.jpg" server="ftp.quofly.com" local="3524898812" remote="3614418720" Dst="-1" /><file name="ba2x.jpg" server="ftp.quofly.com" local="3524898812" remote="3614418720" Dst="-1" /><file name="bb.jpg" server="ftp.quofly.com" local="3524898812" remote="3614418720" Dst="-1" /><file name="bb2x.jpg" server="ftp.quofly.com" local="3524898812" remote="3614418780" Dst="-1" /><file name="bc.jpg" server="ftp.quofly.com" local="3524898812" remote="3614418780" Dst="-1" /><file name="bc2x.jpg" server="ftp.quofly.com" local="3524898812" remote="3614418780" Dst="-1" /><file name="bd.jpg" server="ftp.quofly.com" local="3524898812" remote="3614418780" Dst="-1" /><file name="bd2x.jpg" server="ftp.quofly.com" local="3524898812" remote="3614418780" Dst="-1" /><file name="be.jpg" server="ftp.quofly.com" local="3524898812" remote="3614418780" Dst="-1" /><file name="be2x.jpg" server="ftp.quofly.com" local="3524898812" remote="3614418780" Dst="-1" /><file name="c.jpg" server="ftp.quofly.com" local="3524898812" remote="3614418780" Dst="-1" /><file name="c2x.jpg" server="ftp.quofly.com" local="3524898812" remote="3614418780" Dst="-1" /><file name="d.jpg" server="ftp.quofly.com" local="3524898812" remote="3614418780" Dst="-1" /><file name="d2x.jpg" server="ftp.quofly.com" local="3524898812" remote="3614418780" Dst="-1" /><file name="e.jpg" server="ftp.quofly.com" local="3524898812" remote="3614418780" Dst="-1" /><file name="e2x.jpg" server="ftp.quofly.com" local="3524898812" remote="3614418780" Dst="-1" /><file name="f.jpg" server="ftp.quofly.com" local="3524898812" remote="3614418780" Dst="-1" /><file name="f2x.jpg" server="ftp.quofly.com" local="3524898812" remote="3614418780" Dst="-1" /></dwsync>